{"layer":"outside","defaultBuilding":"B1","buildings":{"B1":{"defaultFloor":"B1-UL0","displayIndex":0,"exploreTo":true,"exploreFrom":true,"floors":{"B1-LL1":{"layer":"B1-LL1","stackGap":0.5,"stackHeightMin":0,"stackHeightMax":1.5,"levelIndex":-1},"B1-UL0":{"layer":"B1-UL0","stackGap":0.5,"stackHeightMin":0,"stackHeightMax":1.5,"levelIndex":0},"B1-UL3":{"layer":"B1-UL3","stackGap":0.5,"stackHeightMin":0,"stackHeightMax":1.5,"levelIndex":1},"B1-UL4":{"layer":"B1-UL4","stackGap":0.5,"stackHeightMin":0,"stackHeightMax":1.5,"levelIndex":2},"B1-UL5":{"layer":"B1-UL5","stackGap":0.5,"stackHeightMin":0,"stackHeightMax":1.5,"levelIndex":3},"B1-UL6":{"layer":"B1-UL6","stackGap":0.5,"stackHeightMin":0,"stackHeightMax":1.5,"levelIndex":4},"B1-UL7":{"layer":"B1-UL7","stackGap":0.5,"stackHeightMin":0,"stackHeightMax":1.5,"levelIndex":5},"B1-UL10":{"layer":"B1-UL10","stackGap":0.5,"stackHeightMin":0,"stackHeightMax":1.5,"levelIndex":6},"B1-UL11":{"layer":"B1-UL11","stackGap":0.5,"stackHeightMin":0,"stackHeightMax":1.5,"levelIndex":7},"B1-UL12":{"layer":"B1-UL12","stackGap":0.5,"stackHeightMin":0,"stackHeightMax":1.5,"levelIndex":8},"B1-UL13":{"layer":"B1-UL13","stackGap":0.5,"stackHeightMin":0,"stackHeightMax":1.5,"levelIndex":9},"B1-UL14":{"layer":"B1-UL14","stackGap":0.5,"stackHeightMin":0,"stackHeightMax":1.5,"levelIndex":10},"B1-UL15":{"layer":"B1-UL15","stackGap":0.5,"stackHeightMin":0,"stackHeightMax":1.5,"levelIndex":11},"B1-UL16":{"layer":"B1-UL16","stackGap":0.5,"stackHeightMin":0,"stackHeightMax":1.5,"levelIndex":12}}}},"version":1}