{"locale":{"en":{"places":{"P-01-02":{"name":"P-01-02"},"P-01-01":{"name":"P-01-01"},"H-01-300":{"name":"H-01-300"},"B1":{"name":"B1"},"outside":{"name":"outside"},"H-B-01":{"name":"H-B-01"},"H-B-09":{"name":"H-B-09"},"AW-B-01":{"name":"AW-B-01"},"H-B-03":{"name":"H-B-03"},"D-B-103":{"name":"D-B-103"},"ST-B-01":{"name":"ST-B-01"},"EL-B-01":{"name":"EL-B-01"},"D-B-107":{"name":"D-B-107"},"H-B-100":{"name":"H-B-100"},"D-B-101":{"name":"D-B-101"},"D-B-102":{"name":"D-B-102"},"RR-B-03":{"name":"RR-B-03"},"RR-B-04":{"name":"RR-B-04"},"D-B-104":{"name":"D-B-104"},"H-B-06":{"name":"H-B-06"},"H-B-05":{"name":"H-B-05"},"H-B-04":{"name":"H-B-04"},"D-B-01":{"name":"D-B-01"},"D-B-105":{"name":"D-B-105"},"H-B-07":{"name":"H-B-07"},"H-B-08":{"name":"H-B-08"},"D-B-106":{"name":"D-B-106"},"RR-B-05":{"name":"RR-B-05"},"RR-B-11":{"name":"RR-B-11"},"D-B-02":{"name":"D-B-02"},"H-B-12":{"name":"H-B-12"},"H-B-201":{"name":"H-B-201"},"RR-B-01":{"name":"RR-B-01"},"RR-B-02":{"name":"RR-B-02"},"RR-B-07":{"name":"RR-B-07"},"RR-B-08":{"name":"RR-B-08"},"RR-B-09":{"name":"RR-B-09"},"RR-B-13":{"name":"RR-B-13"},"RR-B-10":{"name":"RR-B-10"},"RR-B-06":{"name":"RR-B-06"},"RR-B-12":{"name":"RR-B-12"},"H-B-02":{"name":"H-B-02"},"H-B-10":{"name":"H-B-10"},"H-B-11":{"name":"H-B-11"},"H-01-01":{"name":"H-01-01"},"EN-01-02":{"name":"EN-01-02"},"AW-01-01":{"name":"AW-01-01"},"AW-01-02":{"name":"AW-01-02"},"AW-01-03":{"name":"AW-01-03"},"AW-01-04":{"name":"AW-01-04"},"AW-01-05":{"name":"AW-01-05"},"AW-01-06":{"name":"AW-01-06"},"H-01-05":{"name":"H-01-05"},"H-01-08":{"name":"H-01-08"},"EN-01-01":{"name":"EN-01-01"},"ST-01-01":{"name":"ST-01-01"},"CS-01-01":{"name":"CS-01-01"},"H-01-101":{"name":"H-01-101"},"H-01-03":{"name":"H-01-03"},"EL-01-01":{"name":"EL-01-01"},"D-01-03":{"name":"D-01-03"},"H-01-201":{"name":"H-01-201"},"D-01-104":{"name":"D-01-104"},"H-01-202":{"name":"H-01-202"},"D-01-103":{"name":"D-01-103"},"D-01-102":{"name":"D-01-102"},"D-01-105":{"name":"D-01-105"},"D-01-107":{"name":"D-01-107"},"H-01-07":{"name":"H-01-07"},"DN-01-03":{"name":"DN-01-03"},"DN-01-01":{"name":"DN-01-01"},"RR-01-02":{"name":"RR-01-02"},"RR-01-03":{"name":"RR-01-03"},"D-01-53":{"name":"D-01-53"},"PH-01-01":{"name":"PH-01-01"},"H-01-200":{"name":"H-01-200"},"D-01-01":{"name":"D-01-01"},"D-01-50":{"name":"D-01-50"},"H-01-203":{"name":"H-01-203"},"D-01-02":{"name":"D-01-02"},"D-01-52":{"name":"D-01-52"},"D-01-54":{"name":"D-01-54"},"D-01-51":{"name":"D-01-51"},"RR-01-01":{"name":"RR-01-01"},"H-01-04":{"name":"H-01-04"},"H-01-06":{"name":"H-01-06"},"D-01-106":{"name":"D-01-106"},"H-01-204":{"name":"H-01-204"},"H-01-02":{"name":"H-01-02"},"H-01-205":{"name":"H-01-205"},"H-01-09":{"name":"H-01-09"},"RR-01-04":{"name":"RR-01-04"},"RR-01-05":{"name":"RR-01-05"},"RR-01-06":{"name":"RR-01-06"},"RR-01-12":{"name":"RR-01-12"},"RR-01-09":{"name":"RR-01-09"},"RR-01-08":{"name":"RR-01-08"},"RR-01-07":{"name":"RR-01-07"},"RR-01-10":{"name":"RR-01-10"},"RR-01-11":{"name":"RR-01-11"},"H-01-100":{"name":"H-01-100"},"H-01-11":{"name":"H-01-11"},"D-01-09":{"name":"D-01-09"},"D-01-07":{"name":"D-01-07"},"D-01-05":{"name":"D-01-05"},"D-01-10":{"name":"D-01-10"},"D-01-08":{"name":"D-01-08"},"D-01-04":{"name":"D-01-04"},"H-01-10":{"name":"H-01-10"},"H-01-12":{"name":"H-01-12"},"D-01-11":{"name":"D-01-11"},"RR-01-14":{"name":"RR-01-14"},"RR-01-13":{"name":"RR-01-13"},"RR-01-15":{"name":"RR-01-15"},"RR-01-16":{"name":"RR-01-16"},"D-01-06":{"name":"D-01-06"},"H-01-15":{"name":"H-01-15"},"H-01-14":{"name":"H-01-14"},"H-01-17":{"name":"H-01-17"},"H-01-16":{"name":"H-01-16"}},"categories":{},"venueLayout":{"B1-UL0":{"name":"Level 1","shortName":"1"},"B1-UL1":{"name":"Level 2","shortName":"2"}}}},"version":1}