{"locale":{"en":{"places":{"B1":{"name":"B1"},"outside":{"name":"outside"},"H-B-01":{"name":"H-B-01"},"EL-B-01":{"name":"EL-B-01"},"RR-B-54":{"name":"RR-B-54"},"H-B-55":{"name":"H-B-55"},"H-B-94":{"name":"H-B-94"},"H-B-95":{"name":"H-B-95"},"AW-B-07":{"name":"AW-B-07"},"AW-B-04":{"name":"AW-B-04"},"AW-B-06":{"name":"AW-B-06"},"AW-B-03":{"name":"AW-B-03"},"AW-B-05":{"name":"AW-B-05"},"H-B-53":{"name":"H-B-53"},"H-B-02":{"name":"H-B-02"},"K-B-52":{"name":"K-B-52"},"AW-B-01":{"name":"AW-B-01"},"DN-01-05":{"name":"DN-01-05"},"PH-01-01":{"name":"PH-01-01"},"EL-01-01":{"name":"EL-01-01"},"RR-01-01":{"name":"RR-01-01"},"H-01-07":{"name":"H-01-07"},"RR-01-02":{"name":"RR-01-02"},"DN-01-44":{"name":"DN-01-44"},"H-01-06":{"name":"H-01-06"},"H-01-101":{"name":"H-01-101"},"H-01-02":{"name":"H-01-02"},"H-01-96":{"name":"H-01-96"},"H-01-97":{"name":"H-01-97"},"AW-01-01":{"name":"AW-01-01"},"EN-01-01":{"name":"EN-01-01"},"EL-04-01":{"name":"EL-04-01"},"RR-04-01":{"name":"RR-04-01"},"RR-04-02":{"name":"RR-04-02"},"RR-04-03":{"name":"RR-04-03"},"K-04-63":{"name":"K-04-63"},"H-04-10":{"name":"H-04-10"},"H-04-98":{"name":"H-04-98"},"AW-04-01":{"name":"AW-04-01"},"AW-04-02":{"name":"AW-04-02"},"AW-04-03":{"name":"AW-04-03"},"AW-04-14":{"name":"AW-04-14"},"AW-04-16":{"name":"AW-04-16"},"AW-04-69":{"name":"AW-04-69"},"AW-04-71":{"name":"AW-04-71"},"AW-04-72":{"name":"AW-04-72"},"AW-04-73":{"name":"AW-04-73"},"AW-04-07":{"name":"AW-04-07"},"AW-04-13":{"name":"AW-04-13"},"AW-04-10":{"name":"AW-04-10"},"AW-04-15":{"name":"AW-04-15"},"H-04-61":{"name":"H-04-61"},"D-04-62":{"name":"D-04-62"},"AW-04-04":{"name":"AW-04-04"},"H-05-01":{"name":"H-05-01"},"AW-05-06":{"name":"AW-05-06"},"AW-05-04":{"name":"AW-05-04"},"EL-05-01":{"name":"EL-05-01"},"RR-05-03":{"name":"RR-05-03"},"RR-05-02":{"name":"RR-05-02"},"RR-05-01":{"name":"RR-05-01"},"H-05-46":{"name":"H-05-46"},"H-05-47":{"name":"H-05-47"},"H-05-99":{"name":"H-05-99"},"AW-05-01":{"name":"AW-05-01"},"AW-05-02":{"name":"AW-05-02"},"AW-05-03":{"name":"AW-05-03"},"AW-05-09":{"name":"AW-05-09"},"AW-05-10":{"name":"AW-05-10"},"AW-05-12":{"name":"AW-05-12"},"AW-05-13":{"name":"AW-05-13"},"AW-05-021":{"name":"AW-05-021"},"H-05-02":{"name":"H-05-02"},"AW-05-05":{"name":"AW-05-05"},"H-06-51":{"name":"H-06-51"},"DN-06-15":{"name":"DN-06-15"},"EL-06-01":{"name":"EL-06-01"},"RR-06-02":{"name":"RR-06-02"},"RR-06-01":{"name":"RR-06-01"},"H-06-50":{"name":"H-06-50"},"H-06-13":{"name":"H-06-13"},"D-06-12":{"name":"D-06-12"},"H-06-01":{"name":"H-06-01"},"H-06-101":{"name":"H-06-101"},"AW-06-01":{"name":"AW-06-01"},"AW-06-19":{"name":"AW-06-19"},"AW-06-04":{"name":"AW-06-04"},"AW-06-03":{"name":"AW-06-03"},"AW-06-05":{"name":"AW-06-05"},"AW-06-06":{"name":"AW-06-06"},"H-06-14":{"name":"H-06-14"},"EL-07-01":{"name":"EL-07-01"},"RR-07-02":{"name":"RR-07-02"},"RR-07-03":{"name":"RR-07-03"},"RR-07-01":{"name":"RR-07-01"},"H-07-16":{"name":"H-07-16"},"H-07-102":{"name":"H-07-102"},"AW-07-01":{"name":"AW-07-01"},"AW-07-02":{"name":"AW-07-02"},"AW-07-03":{"name":"AW-07-03"},"AW-07-04":{"name":"AW-07-04"},"AW-07-05":{"name":"AW-07-05"},"AW-07-103":{"name":"AW-07-103"},"H-07-66":{"name":"H-07-66"},"D-07-65":{"name":"D-07-65"},"AW-07-06":{"name":"AW-07-06"},"EL-08-01":{"name":"EL-08-01"},"RR-08-01":{"name":"RR-08-01"},"RR-08-02":{"name":"RR-08-02"},"RR-08-03":{"name":"RR-08-03"},"H-08-70":{"name":"H-08-70"},"H-08-17":{"name":"H-08-17"},"H-08-68":{"name":"H-08-68"},"H-08-69":{"name":"H-08-69"},"D-08-67":{"name":"D-08-67"},"H-08-103":{"name":"H-08-103"},"AW-08-01":{"name":"AW-08-01"},"AW-08-02":{"name":"AW-08-02"},"AW-08-03":{"name":"AW-08-03"},"AW-08-04":{"name":"AW-08-04"},"AW-08-05":{"name":"AW-08-05"},"AW-08-06":{"name":"AW-08-06"},"AW-08-10":{"name":"AW-08-10"},"AW-08-19":{"name":"AW-08-19"},"AW-08-13":{"name":"AW-08-13"},"AW-08-14":{"name":"AW-08-14"},"AW-08-55":{"name":"AW-08-55"},"AW-08-08":{"name":"AW-08-08"},"AW-08-081":{"name":"AW-08-081"},"AW-08-15":{"name":"AW-08-15"},"AW-08-09":{"name":"AW-08-09"},"AW-08-071":{"name":"AW-08-071"},"AW-08-072":{"name":"AW-08-072"},"EL-11-01":{"name":"EL-11-01"},"RR-11-01":{"name":"RR-11-01"},"RR-11-02":{"name":"RR-11-02"},"RR-11-03":{"name":"RR-11-03"},"H-11-23":{"name":"H-11-23"},"D-11-75":{"name":"D-11-75"},"K-11-72":{"name":"K-11-72"},"D-11-74":{"name":"D-11-74"},"D-11-73":{"name":"D-11-73"},"H-11-104":{"name":"H-11-104"},"AW-11-02":{"name":"AW-11-02"},"AW-11-03":{"name":"AW-11-03"},"AW-11-04":{"name":"AW-11-04"},"AW-11-05":{"name":"AW-11-05"},"AW-11-06":{"name":"AW-11-06"},"AW-11-07":{"name":"AW-11-07"},"AW-11-08":{"name":"AW-11-08"},"AW-11-071":{"name":"AW-11-071"},"AW-11-081":{"name":"AW-11-081"},"AW-11-09":{"name":"AW-11-09"},"AW-11-144":{"name":"AW-11-144"},"AW-11-143":{"name":"AW-11-143"},"AW-11-142":{"name":"AW-11-142"},"AW-11-141":{"name":"AW-11-141"},"AW-11-14":{"name":"AW-11-14"},"AW-11-12":{"name":"AW-11-12"},"AW-11-17":{"name":"AW-11-17"},"AW-11-091":{"name":"AW-11-091"},"AW-11-092":{"name":"AW-11-092"},"AW-11-103":{"name":"AW-11-103"},"AW-11-102":{"name":"AW-11-102"},"AW-11-101":{"name":"AW-11-101"},"AW-11-11":{"name":"AW-11-11"},"AW-11-017":{"name":"AW-11-017"},"AW-11-018":{"name":"AW-11-018"},"AW-11-201":{"name":"AW-11-201"},"AW-11-202":{"name":"AW-11-202"},"AW-11-203":{"name":"AW-11-203"},"AW-11-01":{"name":"AW-11-01"},"AW-11-18":{"name":"AW-11-18"},"H-12-25":{"name":"H-12-25"},"H-12-85":{"name":"H-12-85"},"EL-12-01":{"name":"EL-12-01"},"RR-12-03":{"name":"RR-12-03"},"RR-12-02":{"name":"RR-12-02"},"RR-12-01":{"name":"RR-12-01"},"K-12-76":{"name":"K-12-76"},"H-12-83":{"name":"H-12-83"},"D-12-78":{"name":"D-12-78"},"D-12-77":{"name":"D-12-77"},"H-12-107":{"name":"H-12-107"},"AW-12-01":{"name":"AW-12-01"},"AW-12-02":{"name":"AW-12-02"},"AW-12-03":{"name":"AW-12-03"},"AW-12-082":{"name":"AW-12-082"},"AW-12-20":{"name":"AW-12-20"},"AW-12-21":{"name":"AW-12-21"},"AW-12-22":{"name":"AW-12-22"},"AW-12-09":{"name":"AW-12-09"},"AW-12-10":{"name":"AW-12-10"},"AW-12-11":{"name":"AW-12-11"},"AW-12-05":{"name":"AW-12-05"},"AW-12-051":{"name":"AW-12-051"},"AW-12-052":{"name":"AW-12-052"},"AW-12-053":{"name":"AW-12-053"},"AW-12-06":{"name":"AW-12-06"},"AW-12-061":{"name":"AW-12-061"},"AW-12-072":{"name":"AW-12-072"},"AW-12-111":{"name":"AW-12-111"},"AW-12-101":{"name":"AW-12-101"},"AW-12-26":{"name":"AW-12-26"},"AW-12-28":{"name":"AW-12-28"},"AW-12-29":{"name":"AW-12-29"},"AW-12-27":{"name":"AW-12-27"},"AW-12-19":{"name":"AW-12-19"},"AW-12-30":{"name":"AW-12-30"},"AW-12-31":{"name":"AW-12-31"},"AW-12-12":{"name":"AW-12-12"},"AW-12-08":{"name":"AW-12-08"},"AW-12-14":{"name":"AW-12-14"},"AW-12-15":{"name":"AW-12-15"},"D-12-75":{"name":"D-12-75"},"AW-12-04":{"name":"AW-12-04"},"EL-14-01":{"name":"EL-14-01"},"RR-14-03":{"name":"RR-14-03"},"RR-14-02":{"name":"RR-14-02"},"RR-14-01":{"name":"RR-14-01"},"H-14-28":{"name":"H-14-28"},"H-14-85":{"name":"H-14-85"},"H-14-110":{"name":"H-14-110"},"K-14-84":{"name":"K-14-84"},"H-14-83":{"name":"H-14-83"},"AW-14-01":{"name":"AW-14-01"},"AW-14-03":{"name":"AW-14-03"},"AW-14-04":{"name":"AW-14-04"},"AW-14-05":{"name":"AW-14-05"},"AW-14-06":{"name":"AW-14-06"},"AW-14-07":{"name":"AW-14-07"},"AW-14-071":{"name":"AW-14-071"},"AW-14-072":{"name":"AW-14-072"},"AW-14-08":{"name":"AW-14-08"},"AW-14-081":{"name":"AW-14-081"},"AW-14-082":{"name":"AW-14-082"},"AW-14-10":{"name":"AW-14-10"},"AW-14-11":{"name":"AW-14-11"},"AW-14-111":{"name":"AW-14-111"},"AW-14-112":{"name":"AW-14-112"},"AW-14-12":{"name":"AW-14-12"},"AW-14-13":{"name":"AW-14-13"},"AW-14-16":{"name":"AW-14-16"},"AW-14-14":{"name":"AW-14-14"},"D-14-26":{"name":"D-14-26"},"AW-14-02":{"name":"AW-14-02"},"AW-14-15":{"name":"AW-14-15"},"RR-15-01":{"name":"RR-15-01"},"RR-15-02":{"name":"RR-15-02"},"RR-15-03":{"name":"RR-15-03"},"EL-15-01":{"name":"EL-15-01"},"H-15-29":{"name":"H-15-29"},"D-15-80":{"name":"D-15-80"},"D-15-79":{"name":"D-15-79"},"D-15-81":{"name":"D-15-81"},"D-15-82":{"name":"D-15-82"},"K-15-89":{"name":"K-15-89"},"H-15-93":{"name":"H-15-93"},"H-15-03":{"name":"H-15-03"},"H-15-01":{"name":"H-15-01"},"H-15-02":{"name":"H-15-02"},"H-15-04":{"name":"H-15-04"},"H-15-111":{"name":"H-15-111"},"RR-15-04":{"name":"RR-15-04"},"RR-15-05":{"name":"RR-15-05"},"RR-15-06":{"name":"RR-15-06"},"RR-15-07":{"name":"RR-15-07"},"AW-15-01":{"name":"AW-15-01"},"AW-15-03":{"name":"AW-15-03"},"AW-15-107":{"name":"AW-15-107"},"AW-15-06":{"name":"AW-15-06"},"AW-15-061":{"name":"AW-15-061"},"AW-15-062":{"name":"AW-15-062"},"AW-15-07":{"name":"AW-15-07"},"AW-15-08":{"name":"AW-15-08"},"AW-15-081":{"name":"AW-15-081"},"AW-15-11":{"name":"AW-15-11"},"AW-15-112":{"name":"AW-15-112"},"AW-15-113":{"name":"AW-15-113"},"AW-15-12":{"name":"AW-15-12"},"AW-15-13":{"name":"AW-15-13"},"AW-15-14":{"name":"AW-15-14"},"AW-15-141":{"name":"AW-15-141"},"AW-15-15":{"name":"AW-15-15"},"AW-15-16":{"name":"AW-15-16"},"AW-15-17":{"name":"AW-15-17"},"AW-15-19":{"name":"AW-15-19"},"AW-15-191":{"name":"AW-15-191"},"AW-15-09":{"name":"AW-15-09"},"AW-15-26":{"name":"AW-15-26"},"AW-15-20":{"name":"AW-15-20"},"AW-15-108":{"name":"AW-15-108"},"AW-15-18":{"name":"AW-15-18"},"AW-15-02":{"name":"AW-15-02"},"AW-15-05":{"name":"AW-15-05"},"AW-15-10":{"name":"AW-15-10"},"AW-15-61":{"name":"AW-15-61"},"AW-15-62":{"name":"AW-15-62"},"AW-15-8":{"name":"AW-15-8"},"AW-15-7":{"name":"AW-15-7"},"AW-15-9":{"name":"AW-15-9"},"AW-15-010":{"name":"AW-15-010"},"AW-15-281":{"name":"AW-15-281"},"AW-15-282":{"name":"AW-15-282"},"AW-15-283":{"name":"AW-15-283"},"AW-15-34":{"name":"AW-15-34"},"AW-15-35":{"name":"AW-15-35"},"AW-15-36":{"name":"AW-15-36"},"AW-15-04":{"name":"AW-15-04"},"RR-16-01":{"name":"RR-16-01"},"RR-16-02":{"name":"RR-16-02"},"RR-16-03":{"name":"RR-16-03"},"EL-16-01":{"name":"EL-16-01"},"H-16-30":{"name":"H-16-30"},"H-16-88":{"name":"H-16-88"},"K-16-86":{"name":"K-16-86"},"H-16-112":{"name":"H-16-112"},"AW-16-01":{"name":"AW-16-01"},"AW-16-03":{"name":"AW-16-03"},"AW-16-05":{"name":"AW-16-05"},"AW-16-06":{"name":"AW-16-06"},"AW-16-07":{"name":"AW-16-07"},"AW-16-09":{"name":"AW-16-09"},"AW-16-10":{"name":"AW-16-10"},"AW-16-101":{"name":"AW-16-101"},"AW-16-1011":{"name":"AW-16-1011"},"AW-16-102":{"name":"AW-16-102"},"AW-16-13":{"name":"AW-16-13"},"AW-16-16":{"name":"AW-16-16"},"AW-16-17":{"name":"AW-16-17"},"AW-16-113":{"name":"AW-16-113"},"AW-16-110":{"name":"AW-16-110"},"AW-16-111":{"name":"AW-16-111"},"AW-16-112":{"name":"AW-16-112"},"AW-16-091":{"name":"AW-16-091"},"AW-16-092":{"name":"AW-16-092"},"AW-16-0511":{"name":"AW-16-0511"},"AW-16-055":{"name":"AW-16-055"},"AW-16-051":{"name":"AW-16-051"},"AW-16-0512":{"name":"AW-16-0512"},"AW-16-0510":{"name":"AW-16-0510"},"AW-16-059":{"name":"AW-16-059"},"AW-16-058":{"name":"AW-16-058"},"AW-16-057":{"name":"AW-16-057"},"AW-16-056":{"name":"AW-16-056"},"AW-16-054":{"name":"AW-16-054"},"AW-16-053":{"name":"AW-16-053"},"AW-16-052":{"name":"AW-16-052"},"AW-16-0513":{"name":"AW-16-0513"},"AW-16-1022":{"name":"AW-16-1022"},"AW-16-1021":{"name":"AW-16-1021"},"D-16-30":{"name":"D-16-30"},"AW-16-02":{"name":"AW-16-02"},"AW-16-127":{"name":"AW-16-127"},"RR-17-01":{"name":"RR-17-01"},"RR-17-02":{"name":"RR-17-02"},"RR-17-03":{"name":"RR-17-03"},"EL-17-01":{"name":"EL-17-01"},"K-17-90":{"name":"K-17-90"},"H-17-34":{"name":"H-17-34"},"H-17-91":{"name":"H-17-91"},"H-17-113":{"name":"H-17-113"},"AW-17-02":{"name":"AW-17-02"},"AW-17-03":{"name":"AW-17-03"},"AW-17-05":{"name":"AW-17-05"},"AW-17-06":{"name":"AW-17-06"},"AW-17-11":{"name":"AW-17-11"},"AW-17-111":{"name":"AW-17-111"},"AW-17-082":{"name":"AW-17-082"},"AW-17-081":{"name":"AW-17-081"},"AW-17-08":{"name":"AW-17-08"},"AW-17-10":{"name":"AW-17-10"},"AW-17-20":{"name":"AW-17-20"},"AW-17-201":{"name":"AW-17-201"},"AW-17-051":{"name":"AW-17-051"},"D-17-34":{"name":"D-17-34"},"AW-17-04":{"name":"AW-17-04"},"H-18-39":{"name":"H-18-39"},"H-18-92":{"name":"H-18-92"},"RR-18-01":{"name":"RR-18-01"},"RR-18-02":{"name":"RR-18-02"},"RR-18-03":{"name":"RR-18-03"},"K-18-87":{"name":"K-18-87"},"EL-18-01":{"name":"EL-18-01"},"H-18-114":{"name":"H-18-114"},"AW-18-01":{"name":"AW-18-01"},"AW-18-03":{"name":"AW-18-03"},"AW-18-06":{"name":"AW-18-06"},"AW-18-07":{"name":"AW-18-07"},"AW-18-08":{"name":"AW-18-08"},"AW-18-09":{"name":"AW-18-09"},"AW-18-091":{"name":"AW-18-091"},"AW-18-10":{"name":"AW-18-10"},"AW-18-11":{"name":"AW-18-11"},"AW-18-13":{"name":"AW-18-13"},"AW-18-14":{"name":"AW-18-14"},"AW-18-15":{"name":"AW-18-15"},"AW-18-16":{"name":"AW-18-16"},"AW-18-17":{"name":"AW-18-17"},"AW-18-161":{"name":"AW-18-161"},"AW-18-171":{"name":"AW-18-171"},"D-18-39":{"name":"D-18-39"},"AW-18-02":{"name":"AW-18-02"},"AW-18-04":{"name":"AW-18-04"},"AW-18-05":{"name":"AW-18-05"}},"categories":{},"venueLayout":{"B1":{"name":"Koch"},"B1-LL1":{"name":"S1"},"B1-UL0":{"name":"LEVEL 1"},"B1-UL3":{"name":"LEVEL 4"},"B1-UL4":{"name":"LEVEL 5"},"B1-UL5":{"name":"LEVEL 6"},"B1-UL6":{"name":"LEVEL 7"},"B1-UL7":{"name":"LEVEL 8"},"B1-UL10":{"name":"LEVEL 11"},"B1-UL11":{"name":"LEVEL 12"},"B1-UL12":{"name":"LEVEL 14"},"B1-UL13":{"name":"LEVEL 15"},"B1-UL14":{"name":"LEVEL 16"},"B1-UL15":{"name":"LEVEL 17"},"B1-UL16":{"name":"LEVEL 18"}}}},"version":1}