<?xml version="1.0" encoding="UTF-8"?>
<vgconfig version="2">
    <init mode="mapMode"/>
    <flags>
        <flag name="distanceFactor" value="0.3" />
        <flag name="noUnload" value="1" />
        <flag name="mapDebugLabels" value="0" />
        <flag name="mapLabelOrientation" value="eFaceUpOrDown" />
        <flag name="updateFrameRateLimit" value="-1" />
        <flag name="renderFrameRateLimit" value="-1" />
    </flags>
    <!-- VisioMove < v2.1.19 will use vg2DManipulator -->
    <vg2DManipulator maxAltitude="2000.0" minAltitude="20" doubleFingerYawing="on" />
    <!-- VisioMove >= v2.1.19 will use vgDragManipulator -->
    <vgDragManipulator maxDistance="2000.0" minDistance="20" doubleFingerYawing="on" />
    <camera pitch="-60.0" yaw="28.178841784512"/>
    <resources>
        <databases>
            <database resource="datamskkoch.20200318.sqlite"/>
        </databases>
        <models>
            <model id="MSK_Koch" resource="MSK_Koch.vsg4"/>
        </models>
    </resources>
    <datasets>
        <dataset name="0" pickTags="floor" dynamicClipping="on">
            <background color1="0xb3b1a3ff" color2="0xb3b1a3ff" />
            <camera x="0.0" y="0.0" height="700.0"/>
            <layer name="outside" semanticTag="floor" type="VgSimpleLayer" archive="data/datamskkoch.outside.20200318.bin" distancePolicy="eWorldAxisZ" LODFactor="0.25" loadFactor="0.025">
                <model id="B1" resource="MSK_Koch" transform="translate(61.586842153152,-66.990456889108,0)*rotateZ(28.178841784512)*scale(1.0113593712074,1.0113593712074,1.0113593712074)"/>
            </layer>
            <layer name="B1-LL1" semanticTag="floor" type="VgSimpleLayer" archive="data/datamskkoch.B1-LL1.20200318.bin" distancePolicy="eWorldAxisZ" LODFactor="0.25" loadFactor="0.025">
            </layer>
            <layer name="B1-UL0" semanticTag="floor" type="VgSimpleLayer" archive="data/datamskkoch.B1-UL0.20200318.bin" distancePolicy="eWorldAxisZ" LODFactor="0.25" loadFactor="0.025">
            </layer>
            <layer name="B1-UL3" semanticTag="floor" type="VgSimpleLayer" archive="data/datamskkoch.B1-UL3.20200318.bin" distancePolicy="eWorldAxisZ" LODFactor="0.25" loadFactor="0.025">
            </layer>
            <layer name="B1-UL4" semanticTag="floor" type="VgSimpleLayer" archive="data/datamskkoch.B1-UL4.20200318.bin" distancePolicy="eWorldAxisZ" LODFactor="0.25" loadFactor="0.025">
            </layer>
            <layer name="B1-UL5" semanticTag="floor" type="VgSimpleLayer" archive="data/datamskkoch.B1-UL5.20200318.bin" distancePolicy="eWorldAxisZ" LODFactor="0.25" loadFactor="0.025">
            </layer>
            <layer name="B1-UL6" semanticTag="floor" type="VgSimpleLayer" archive="data/datamskkoch.B1-UL6.20200318.bin" distancePolicy="eWorldAxisZ" LODFactor="0.25" loadFactor="0.025">
            </layer>
            <layer name="B1-UL7" semanticTag="floor" type="VgSimpleLayer" archive="data/datamskkoch.B1-UL7.20200318.bin" distancePolicy="eWorldAxisZ" LODFactor="0.25" loadFactor="0.025">
            </layer>
            <layer name="B1-UL10" semanticTag="floor" type="VgSimpleLayer" archive="data/datamskkoch.B1-UL10.20200318.bin" distancePolicy="eWorldAxisZ" LODFactor="0.25" loadFactor="0.025">
            </layer>
            <layer name="B1-UL11" semanticTag="floor" type="VgSimpleLayer" archive="data/datamskkoch.B1-UL11.20200318.bin" distancePolicy="eWorldAxisZ" LODFactor="0.25" loadFactor="0.025">
            </layer>
            <layer name="B1-UL12" semanticTag="floor" type="VgSimpleLayer" archive="data/datamskkoch.B1-UL12.20200318.bin" distancePolicy="eWorldAxisZ" LODFactor="0.25" loadFactor="0.025">
            </layer>
            <layer name="B1-UL13" semanticTag="floor" type="VgSimpleLayer" archive="data/datamskkoch.B1-UL13.20200318.bin" distancePolicy="eWorldAxisZ" LODFactor="0.25" loadFactor="0.025">
            </layer>
            <layer name="B1-UL14" semanticTag="floor" type="VgSimpleLayer" archive="data/datamskkoch.B1-UL14.20200318.bin" distancePolicy="eWorldAxisZ" LODFactor="0.25" loadFactor="0.025">
            </layer>
            <layer name="B1-UL15" semanticTag="floor" type="VgSimpleLayer" archive="data/datamskkoch.B1-UL15.20200318.bin" distancePolicy="eWorldAxisZ" LODFactor="0.25" loadFactor="0.025">
            </layer>
            <layer name="B1-UL16" semanticTag="floor" type="VgSimpleLayer" archive="data/datamskkoch.B1-UL16.20200318.bin" distancePolicy="eWorldAxisZ" LODFactor="0.25" loadFactor="0.025">
            </layer>

            <limits>
                <min lat="40.765196804946" lon="-73.955340741705" height="0.0" />
                <max lat="40.770209064176" lon="-73.948748188493" height="50.0" />
            </limits>
        </dataset>
    </datasets>
</vgconfig>
