<?xml version="1.0" encoding="UTF-8"?>
<vglicense version="2">
	<keys>
		<key>
			<!-- License for PROD SDKv2 (NEVER expires) -->
			<license id="prod-ios-android" timeStamp="20200318193834000000"/>
			<secret code="gjfeCrdWZC+cqPbeTDCz4Q=="/>

			<machine code="*" expirationDate="never"/>

			<sdk id="VisioDevKit/2.0/iPhone/OGLES" expirationDate="never"/>
			<sdk id="VisioDevKit/2.0/iPhoneSimulator/OGLES" expirationDate="never"/>
			<sdk id="VisioDevKit/2.0/Android/OGLES" expirationDate="never"/>
			<sdk id="VisioDevKit/2.0/Android(ARM)/OGLES" expirationDate="never"/>

			<data id="datamskkoch.outside.20200318" expirationDate="never"/>
			<data id="datamskkoch.B1-LL1.20200318" expirationDate="never"/>
			<data id="datamskkoch.B1-UL0.20200318" expirationDate="never"/>
			<data id="datamskkoch.B1-UL3.20200318" expirationDate="never"/>
			<data id="datamskkoch.B1-UL4.20200318" expirationDate="never"/>
			<data id="datamskkoch.B1-UL5.20200318" expirationDate="never"/>
			<data id="datamskkoch.B1-UL6.20200318" expirationDate="never"/>
			<data id="datamskkoch.B1-UL7.20200318" expirationDate="never"/>
			<data id="datamskkoch.B1-UL10.20200318" expirationDate="never"/>
			<data id="datamskkoch.B1-UL11.20200318" expirationDate="never"/>
			<data id="datamskkoch.B1-UL12.20200318" expirationDate="never"/>
			<data id="datamskkoch.B1-UL13.20200318" expirationDate="never"/>
			<data id="datamskkoch.B1-UL14.20200318" expirationDate="never"/>
			<data id="datamskkoch.B1-UL15.20200318" expirationDate="never"/>
			<data id="datamskkoch.B1-UL16.20200318" expirationDate="never"/>

			<token name="com.visioglobe.modules.3d" value="1" expirationDate="never"/>
			<token name="com.visioglobe.modules.map" value="1" expirationDate="never"/>
			<token name="com.visioglobe.modules.routing" value="1" expirationDate="never"/>
			<token name="com.visioglobe.modules.navigation" value="1" expirationDate="never"/>

			<check code="932K3nKNwR6tHFqu5IOvhw=="/>
		</key>
	</keys>
</vglicense>
